url,httpUrl,ok,status,contentLength,contentType,error
"/media/wordpress-migration/2017/06/5.jpg","https://app.coveinterior.com/media/wordpress-migration/2017/06/5.jpg","true","200","","text/html; charset=UTF-8",""
"/media/wordpress-migration/2017/06/6.jpg","https://app.coveinterior.com/media/wordpress-migration/2017/06/6.jpg","true","200","","text/html; charset=UTF-8",""
"/media/wordpress-migration/2017/06/8.jpg","https://app.coveinterior.com/media/wordpress-migration/2017/06/8.jpg","true","200","","text/html; charset=UTF-8",""
"/media/wordpress-migration/2017/06/9.jpg","https://app.coveinterior.com/media/wordpress-migration/2017/06/9.jpg","true","200","","text/html; charset=UTF-8",""
"/media/wordpress-migration/2022/06/arch-plan-8.png","https://app.coveinterior.com/media/wordpress-migration/2022/06/arch-plan-8.png","true","200","","text/html; charset=UTF-8",""
"/media/wordpress-migration/2022/06/instagram.png","https://app.coveinterior.com/media/wordpress-migration/2022/06/instagram.png","true","200","","text/html; charset=UTF-8",""
"/media/wordpress-migration/2022/07/1-1.jpg","https://app.coveinterior.com/media/wordpress-migration/2022/07/1-1.jpg","true","200","","text/html; charset=UTF-8",""
"/media/wordpress-migration/2022/07/1-2.jpg","https://app.coveinterior.com/media/wordpress-migration/2022/07/1-2.jpg","true","200","","text/html; charset=UTF-8",""
"/media/wordpress-migration/2022/07/1-3.jpg","https://app.coveinterior.com/media/wordpress-migration/2022/07/1-3.jpg","true","200","","text/html; charset=UTF-8",""
"/media/wordpress-migration/2022/07/1-6.jpg","https://app.coveinterior.com/media/wordpress-migration/2022/07/1-6.jpg","true","200","","text/html; charset=UTF-8",""
"/media/wordpress-migration/2022/07/1-int.jpg","https://app.coveinterior.com/media/wordpress-migration/2022/07/1-int.jpg","true","200","","text/html; charset=UTF-8",""
"/media/wordpress-migration/2022/07/1.JPG.jpeg","https://app.coveinterior.com/media/wordpress-migration/2022/07/1.JPG.jpeg","true","200","","text/html; charset=UTF-8",""
"/media/wordpress-migration/2022/07/10-2.jpg","https://app.coveinterior.com/media/wordpress-migration/2022/07/10-2.jpg","true","200","","text/html; charset=UTF-8",""
"/media/wordpress-migration/2022/07/10.jpg","https://app.coveinterior.com/media/wordpress-migration/2022/07/10.jpg","true","200","","text/html; charset=UTF-8",""
"/media/wordpress-migration/2022/07/10.JPG.jpeg","https://app.coveinterior.com/media/wordpress-migration/2022/07/10.JPG.jpeg","true","200","","text/html; charset=UTF-8",""
"/media/wordpress-migration/2022/07/11.jpg","https://app.coveinterior.com/media/wordpress-migration/2022/07/11.jpg","true","200","","text/html; charset=UTF-8",""
"/media/wordpress-migration/2022/07/12.jpg","https://app.coveinterior.com/media/wordpress-migration/2022/07/12.jpg","true","200","","text/html; charset=UTF-8",""
"/media/wordpress-migration/2022/07/13.jpg","https://app.coveinterior.com/media/wordpress-migration/2022/07/13.jpg","true","200","","text/html; charset=UTF-8",""
"/media/wordpress-migration/2022/07/18-1.jpg","https://app.coveinterior.com/media/wordpress-migration/2022/07/18-1.jpg","true","200","","text/html; charset=UTF-8",""
"/media/wordpress-migration/2022/07/2-1.jpg","https://app.coveinterior.com/media/wordpress-migration/2022/07/2-1.jpg","true","200","","text/html; charset=UTF-8",""
"/media/wordpress-migration/2022/07/2-2.jpg","https://app.coveinterior.com/media/wordpress-migration/2022/07/2-2.jpg","true","200","","text/html; charset=UTF-8",""
"/media/wordpress-migration/2022/07/2-5.jpg","https://app.coveinterior.com/media/wordpress-migration/2022/07/2-5.jpg","true","200","","text/html; charset=UTF-8",""
"/media/wordpress-migration/2022/07/2.JPG.jpeg","https://app.coveinterior.com/media/wordpress-migration/2022/07/2.JPG.jpeg","true","200","","text/html; charset=UTF-8",""
"/media/wordpress-migration/2022/07/21.jpg","https://app.coveinterior.com/media/wordpress-migration/2022/07/21.jpg","true","200","","text/html; charset=UTF-8",""
"/media/wordpress-migration/2022/07/22.jpg","https://app.coveinterior.com/media/wordpress-migration/2022/07/22.jpg","true","200","","text/html; charset=UTF-8",""
"/media/wordpress-migration/2022/07/23.jpg","https://app.coveinterior.com/media/wordpress-migration/2022/07/23.jpg","true","200","","text/html; charset=UTF-8",""
"/media/wordpress-migration/2022/07/24.jpg","https://app.coveinterior.com/media/wordpress-migration/2022/07/24.jpg","true","200","","text/html; charset=UTF-8",""
"/media/wordpress-migration/2022/07/3-2.jpg","https://app.coveinterior.com/media/wordpress-migration/2022/07/3-2.jpg","true","200","","text/html; charset=UTF-8",""
"/media/wordpress-migration/2022/07/3-3.jpg","https://app.coveinterior.com/media/wordpress-migration/2022/07/3-3.jpg","true","200","","text/html; charset=UTF-8",""
"/media/wordpress-migration/2022/07/3-6.jpg","https://app.coveinterior.com/media/wordpress-migration/2022/07/3-6.jpg","true","200","","text/html; charset=UTF-8",""
"/media/wordpress-migration/2022/07/3.JPG.jpeg","https://app.coveinterior.com/media/wordpress-migration/2022/07/3.JPG.jpeg","true","200","","text/html; charset=UTF-8",""
"/media/wordpress-migration/2022/07/31.jpg","https://app.coveinterior.com/media/wordpress-migration/2022/07/31.jpg","true","200","","text/html; charset=UTF-8",""
"/media/wordpress-migration/2022/07/4-1.jpg","https://app.coveinterior.com/media/wordpress-migration/2022/07/4-1.jpg","true","200","","text/html; charset=UTF-8",""
"/media/wordpress-migration/2022/07/4-1.png","https://app.coveinterior.com/media/wordpress-migration/2022/07/4-1.png","true","200","","text/html; charset=UTF-8",""
"/media/wordpress-migration/2022/07/4.JPG.jpeg","https://app.coveinterior.com/media/wordpress-migration/2022/07/4.JPG.jpeg","true","200","","text/html; charset=UTF-8",""
"/media/wordpress-migration/2022/07/4.png","https://app.coveinterior.com/media/wordpress-migration/2022/07/4.png","true","200","","text/html; charset=UTF-8",""
"/media/wordpress-migration/2022/07/42.jpg","https://app.coveinterior.com/media/wordpress-migration/2022/07/42.jpg","true","200","","text/html; charset=UTF-8",""
"/media/wordpress-migration/2022/07/43.jpg","https://app.coveinterior.com/media/wordpress-migration/2022/07/43.jpg","true","200","","text/html; charset=UTF-8",""
"/media/wordpress-migration/2022/07/44.jpg","https://app.coveinterior.com/media/wordpress-migration/2022/07/44.jpg","true","200","","text/html; charset=UTF-8",""
"/media/wordpress-migration/2022/07/45.jpg","https://app.coveinterior.com/media/wordpress-migration/2022/07/45.jpg","true","200","","text/html; charset=UTF-8",""
"/media/wordpress-migration/2022/07/46.jpg","https://app.coveinterior.com/media/wordpress-migration/2022/07/46.jpg","true","200","","text/html; charset=UTF-8",""
"/media/wordpress-migration/2022/07/47.jpg","https://app.coveinterior.com/media/wordpress-migration/2022/07/47.jpg","true","200","","text/html; charset=UTF-8",""
"/media/wordpress-migration/2022/07/5-1.png","https://app.coveinterior.com/media/wordpress-migration/2022/07/5-1.png","true","200","","text/html; charset=UTF-8",""
"/media/wordpress-migration/2022/07/5-2.jpg","https://app.coveinterior.com/media/wordpress-migration/2022/07/5-2.jpg","true","200","","text/html; charset=UTF-8",""
"/media/wordpress-migration/2022/07/5.JPG.jpeg","https://app.coveinterior.com/media/wordpress-migration/2022/07/5.JPG.jpeg","true","200","","text/html; charset=UTF-8",""
"/media/wordpress-migration/2022/07/5.png","https://app.coveinterior.com/media/wordpress-migration/2022/07/5.png","true","200","","text/html; charset=UTF-8",""
"/media/wordpress-migration/2022/07/6-1.jpg","https://app.coveinterior.com/media/wordpress-migration/2022/07/6-1.jpg","true","200","","text/html; charset=UTF-8",""
"/media/wordpress-migration/2022/07/6-3.jpg","https://app.coveinterior.com/media/wordpress-migration/2022/07/6-3.jpg","true","200","","text/html; charset=UTF-8",""
"/media/wordpress-migration/2022/07/6.jpg","https://app.coveinterior.com/media/wordpress-migration/2022/07/6.jpg","true","200","","text/html; charset=UTF-8",""
"/media/wordpress-migration/2022/07/6.JPG.jpeg","https://app.coveinterior.com/media/wordpress-migration/2022/07/6.JPG.jpeg","true","200","","text/html; charset=UTF-8",""
"/media/wordpress-migration/2022/07/61.jpg","https://app.coveinterior.com/media/wordpress-migration/2022/07/61.jpg","true","200","","text/html; charset=UTF-8",""
"/media/wordpress-migration/2022/07/610.jpg","https://app.coveinterior.com/media/wordpress-migration/2022/07/610.jpg","true","200","","text/html; charset=UTF-8",""
"/media/wordpress-migration/2022/07/611.jpg","https://app.coveinterior.com/media/wordpress-migration/2022/07/611.jpg","true","200","","text/html; charset=UTF-8",""
"/media/wordpress-migration/2022/07/612.jpg","https://app.coveinterior.com/media/wordpress-migration/2022/07/612.jpg","true","200","","text/html; charset=UTF-8",""
"/media/wordpress-migration/2022/07/62.jpg","https://app.coveinterior.com/media/wordpress-migration/2022/07/62.jpg","true","200","","text/html; charset=UTF-8",""
"/media/wordpress-migration/2022/07/63.jpg","https://app.coveinterior.com/media/wordpress-migration/2022/07/63.jpg","true","200","","text/html; charset=UTF-8",""
"/media/wordpress-migration/2022/07/64.jpg","https://app.coveinterior.com/media/wordpress-migration/2022/07/64.jpg","true","200","","text/html; charset=UTF-8",""
"/media/wordpress-migration/2022/07/65.jpg","https://app.coveinterior.com/media/wordpress-migration/2022/07/65.jpg","true","200","","text/html; charset=UTF-8",""
"/media/wordpress-migration/2022/07/66.jpg","https://app.coveinterior.com/media/wordpress-migration/2022/07/66.jpg","true","200","","text/html; charset=UTF-8",""
"/media/wordpress-migration/2022/07/67.jpg","https://app.coveinterior.com/media/wordpress-migration/2022/07/67.jpg","true","200","","text/html; charset=UTF-8",""
"/media/wordpress-migration/2022/07/68.jpg","https://app.coveinterior.com/media/wordpress-migration/2022/07/68.jpg","true","200","","text/html; charset=UTF-8",""
"/media/wordpress-migration/2022/07/69.jpg","https://app.coveinterior.com/media/wordpress-migration/2022/07/69.jpg","true","200","","text/html; charset=UTF-8",""
"/media/wordpress-migration/2022/07/7-1.jpg","https://app.coveinterior.com/media/wordpress-migration/2022/07/7-1.jpg","true","200","","text/html; charset=UTF-8",""
"/media/wordpress-migration/2022/07/7-3.jpg","https://app.coveinterior.com/media/wordpress-migration/2022/07/7-3.jpg","true","200","","text/html; charset=UTF-8",""
"/media/wordpress-migration/2022/07/7.jpg","https://app.coveinterior.com/media/wordpress-migration/2022/07/7.jpg","true","200","","text/html; charset=UTF-8",""
"/media/wordpress-migration/2022/07/7.png","https://app.coveinterior.com/media/wordpress-migration/2022/07/7.png","true","200","","text/html; charset=UTF-8",""
"/media/wordpress-migration/2022/07/8-1.jpg","https://app.coveinterior.com/media/wordpress-migration/2022/07/8-1.jpg","true","200","","text/html; charset=UTF-8",""
"/media/wordpress-migration/2022/07/9-2.jpg","https://app.coveinterior.com/media/wordpress-migration/2022/07/9-2.jpg","true","200","","text/html; charset=UTF-8",""
"/media/wordpress-migration/2022/07/9.jpg","https://app.coveinterior.com/media/wordpress-migration/2022/07/9.jpg","true","200","","text/html; charset=UTF-8",""
"/media/wordpress-migration/2022/07/9.JPG.jpeg","https://app.coveinterior.com/media/wordpress-migration/2022/07/9.JPG.jpeg","true","200","","text/html; charset=UTF-8",""
"/media/wordpress-migration/2022/07/9.png","https://app.coveinterior.com/media/wordpress-migration/2022/07/9.png","true","200","","text/html; charset=UTF-8",""
"/media/wordpress-migration/2022/07/about-cove-1.jpg","https://app.coveinterior.com/media/wordpress-migration/2022/07/about-cove-1.jpg","true","200","","text/html; charset=UTF-8",""
"/media/wordpress-migration/2022/07/clients-services.jpg","https://app.coveinterior.com/media/wordpress-migration/2022/07/clients-services.jpg","true","200","","text/html; charset=UTF-8",""
"/media/wordpress-migration/2022/07/communicate-with-cove.jpg","https://app.coveinterior.com/media/wordpress-migration/2022/07/communicate-with-cove.jpg","true","200","","text/html; charset=UTF-8",""
"/media/wordpress-migration/2022/07/company-profile.jpg","https://app.coveinterior.com/media/wordpress-migration/2022/07/company-profile.jpg","true","200","","text/html; charset=UTF-8",""
"/media/wordpress-migration/2022/07/cove-furniture.jpg","https://app.coveinterior.com/media/wordpress-migration/2022/07/cove-furniture.jpg","true","200","","text/html; charset=UTF-8",""
"/media/wordpress-migration/2022/07/IMG_0247.jpg","https://app.coveinterior.com/media/wordpress-migration/2022/07/IMG_0247.jpg","true","200","","text/html; charset=UTF-8",""
"/media/wordpress-migration/2022/07/IMG_0249.jpg","https://app.coveinterior.com/media/wordpress-migration/2022/07/IMG_0249.jpg","true","200","","text/html; charset=UTF-8",""
"/media/wordpress-migration/2022/07/IMG_0253.jpg","https://app.coveinterior.com/media/wordpress-migration/2022/07/IMG_0253.jpg","true","200","","text/html; charset=UTF-8",""
"/media/wordpress-migration/2022/07/IMG_0255.jpg","https://app.coveinterior.com/media/wordpress-migration/2022/07/IMG_0255.jpg","true","200","","text/html; charset=UTF-8",""
"/media/wordpress-migration/2022/07/IMG_0259.jpg","https://app.coveinterior.com/media/wordpress-migration/2022/07/IMG_0259.jpg","true","200","","text/html; charset=UTF-8",""
"/media/wordpress-migration/2022/07/IMG_0274.jpg","https://app.coveinterior.com/media/wordpress-migration/2022/07/IMG_0274.jpg","true","200","","text/html; charset=UTF-8",""
"/media/wordpress-migration/2022/07/IMG_0283.jpg","https://app.coveinterior.com/media/wordpress-migration/2022/07/IMG_0283.jpg","true","200","","text/html; charset=UTF-8",""
"/media/wordpress-migration/2022/07/IMG_0285.jpg","https://app.coveinterior.com/media/wordpress-migration/2022/07/IMG_0285.jpg","true","200","","text/html; charset=UTF-8",""
"/media/wordpress-migration/2022/07/IMG_0298.jpg","https://app.coveinterior.com/media/wordpress-migration/2022/07/IMG_0298.jpg","true","200","","text/html; charset=UTF-8",""
"/media/wordpress-migration/2022/07/IMG_0304.jpg","https://app.coveinterior.com/media/wordpress-migration/2022/07/IMG_0304.jpg","true","200","","text/html; charset=UTF-8",""
"/media/wordpress-migration/2022/07/IMG_0307.jpg","https://app.coveinterior.com/media/wordpress-migration/2022/07/IMG_0307.jpg","true","200","","text/html; charset=UTF-8",""
"/media/wordpress-migration/2022/07/IMG_0311.jpg","https://app.coveinterior.com/media/wordpress-migration/2022/07/IMG_0311.jpg","true","200","","text/html; charset=UTF-8",""
"/media/wordpress-migration/2022/07/IMG_0312.jpg","https://app.coveinterior.com/media/wordpress-migration/2022/07/IMG_0312.jpg","true","200","","text/html; charset=UTF-8",""
"/media/wordpress-migration/2022/07/IMG_0314.jpg","https://app.coveinterior.com/media/wordpress-migration/2022/07/IMG_0314.jpg","true","200","","text/html; charset=UTF-8",""
"/media/wordpress-migration/2022/07/IMG_0316.jpg","https://app.coveinterior.com/media/wordpress-migration/2022/07/IMG_0316.jpg","true","200","","text/html; charset=UTF-8",""
"/media/wordpress-migration/2022/07/IMG_0319.jpg","https://app.coveinterior.com/media/wordpress-migration/2022/07/IMG_0319.jpg","true","200","","text/html; charset=UTF-8",""
"/media/wordpress-migration/2022/07/IMG_0322.jpg","https://app.coveinterior.com/media/wordpress-migration/2022/07/IMG_0322.jpg","true","200","","text/html; charset=UTF-8",""
"/media/wordpress-migration/2022/07/IMG_0339.jpg","https://app.coveinterior.com/media/wordpress-migration/2022/07/IMG_0339.jpg","true","200","","text/html; charset=UTF-8",""
"/media/wordpress-migration/2022/07/IMG_0341.jpg","https://app.coveinterior.com/media/wordpress-migration/2022/07/IMG_0341.jpg","true","200","","text/html; charset=UTF-8",""
"/media/wordpress-migration/2022/07/IMG_0345.jpg","https://app.coveinterior.com/media/wordpress-migration/2022/07/IMG_0345.jpg","true","200","","text/html; charset=UTF-8",""
"/media/wordpress-migration/2022/07/IMG_0346.jpg","https://app.coveinterior.com/media/wordpress-migration/2022/07/IMG_0346.jpg","true","200","","text/html; charset=UTF-8",""
"/media/wordpress-migration/2022/07/IMG_0353.jpg","https://app.coveinterior.com/media/wordpress-migration/2022/07/IMG_0353.jpg","true","200","","text/html; charset=UTF-8",""
"/media/wordpress-migration/2022/07/IMG_0354.jpg","https://app.coveinterior.com/media/wordpress-migration/2022/07/IMG_0354.jpg","true","200","","text/html; charset=UTF-8",""
"/media/wordpress-migration/2022/07/IMG_0355.jpg","https://app.coveinterior.com/media/wordpress-migration/2022/07/IMG_0355.jpg","true","200","","text/html; charset=UTF-8",""
"/media/wordpress-migration/2022/07/IMG_0357.jpg","https://app.coveinterior.com/media/wordpress-migration/2022/07/IMG_0357.jpg","true","200","","text/html; charset=UTF-8",""
"/media/wordpress-migration/2022/07/IMG_0366.jpg","https://app.coveinterior.com/media/wordpress-migration/2022/07/IMG_0366.jpg","true","200","","text/html; charset=UTF-8",""
"/media/wordpress-migration/2022/07/IMG_0368.jpg","https://app.coveinterior.com/media/wordpress-migration/2022/07/IMG_0368.jpg","true","200","","text/html; charset=UTF-8",""
"/media/wordpress-migration/2022/07/IMG_0369.jpg","https://app.coveinterior.com/media/wordpress-migration/2022/07/IMG_0369.jpg","true","200","","text/html; charset=UTF-8",""
"/media/wordpress-migration/2022/07/IMG_0379.jpg","https://app.coveinterior.com/media/wordpress-migration/2022/07/IMG_0379.jpg","true","200","","text/html; charset=UTF-8",""
"/media/wordpress-migration/2022/07/IMG_0380.jpg","https://app.coveinterior.com/media/wordpress-migration/2022/07/IMG_0380.jpg","true","200","","text/html; charset=UTF-8",""
"/media/wordpress-migration/2022/07/IMG_0383.jpg","https://app.coveinterior.com/media/wordpress-migration/2022/07/IMG_0383.jpg","true","200","","text/html; charset=UTF-8",""
"/media/wordpress-migration/2022/07/IMG_0387.jpg","https://app.coveinterior.com/media/wordpress-migration/2022/07/IMG_0387.jpg","true","200","","text/html; charset=UTF-8",""
"/media/wordpress-migration/2022/07/IMG_0399.jpg","https://app.coveinterior.com/media/wordpress-migration/2022/07/IMG_0399.jpg","true","200","","text/html; charset=UTF-8",""
"/media/wordpress-migration/2022/07/main-1.jpg","https://app.coveinterior.com/media/wordpress-migration/2022/07/main-1.jpg","true","200","","text/html; charset=UTF-8",""
"/media/wordpress-migration/2022/08/address_icon_2.png","https://app.coveinterior.com/media/wordpress-migration/2022/08/address_icon_2.png","true","200","","text/html; charset=UTF-8",""
"/media/wordpress-migration/2022/08/BG-1024x576-1.png","https://app.coveinterior.com/media/wordpress-migration/2022/08/BG-1024x576-1.png","true","200","","text/html; charset=UTF-8",""
"/media/wordpress-migration/2022/08/coffee-counter.jpg","https://app.coveinterior.com/media/wordpress-migration/2022/08/coffee-counter.jpg","true","200","","text/html; charset=UTF-8",""
"/media/wordpress-migration/2022/08/email-icon-g.png","https://app.coveinterior.com/media/wordpress-migration/2022/08/email-icon-g.png","true","200","","text/html; charset=UTF-8",""
"/media/wordpress-migration/2022/08/phone-icon-g.png","https://app.coveinterior.com/media/wordpress-migration/2022/08/phone-icon-g.png","true","200","","text/html; charset=UTF-8",""
"/media/wordpress-migration/2022/11/ASK4692-websize.jpg","https://app.coveinterior.com/media/wordpress-migration/2022/11/ASK4692-websize.jpg","true","200","","text/html; charset=UTF-8",""
"/media/wordpress-migration/2022/11/ASK4697-websize-1.jpg","https://app.coveinterior.com/media/wordpress-migration/2022/11/ASK4697-websize-1.jpg","true","200","","text/html; charset=UTF-8",""
"/media/wordpress-migration/2022/11/ASK4705-websize-1.jpg","https://app.coveinterior.com/media/wordpress-migration/2022/11/ASK4705-websize-1.jpg","true","200","","text/html; charset=UTF-8",""
"/media/wordpress-migration/2022/11/ASK4708-websize-1.jpg","https://app.coveinterior.com/media/wordpress-migration/2022/11/ASK4708-websize-1.jpg","true","200","","text/html; charset=UTF-8",""
"/media/wordpress-migration/2022/11/ASK4713-websize-1.jpg","https://app.coveinterior.com/media/wordpress-migration/2022/11/ASK4713-websize-1.jpg","true","200","","text/html; charset=UTF-8",""
"/media/wordpress-migration/2022/11/ASK4716-websize-1.jpg","https://app.coveinterior.com/media/wordpress-migration/2022/11/ASK4716-websize-1.jpg","true","200","","text/html; charset=UTF-8",""
"/media/wordpress-migration/2022/11/ASK4717-websize-1.jpg","https://app.coveinterior.com/media/wordpress-migration/2022/11/ASK4717-websize-1.jpg","true","200","","text/html; charset=UTF-8",""
"/media/wordpress-migration/2022/11/ASK4723-websize-1.jpg","https://app.coveinterior.com/media/wordpress-migration/2022/11/ASK4723-websize-1.jpg","true","200","","text/html; charset=UTF-8",""
"/media/wordpress-migration/2022/11/ASK4726-websize-1.jpg","https://app.coveinterior.com/media/wordpress-migration/2022/11/ASK4726-websize-1.jpg","true","200","","text/html; charset=UTF-8",""
"/media/wordpress-migration/2022/11/ASK4734-websize-1.jpg","https://app.coveinterior.com/media/wordpress-migration/2022/11/ASK4734-websize-1.jpg","true","200","","text/html; charset=UTF-8",""
"/media/wordpress-migration/2022/11/ASK4744-websize-1.jpg","https://app.coveinterior.com/media/wordpress-migration/2022/11/ASK4744-websize-1.jpg","true","200","","text/html; charset=UTF-8",""
"/media/wordpress-migration/2022/11/ASK4745-websize-1.jpg","https://app.coveinterior.com/media/wordpress-migration/2022/11/ASK4745-websize-1.jpg","true","200","","text/html; charset=UTF-8",""
"/media/wordpress-migration/2022/11/ASK4749-websize-1.jpg","https://app.coveinterior.com/media/wordpress-migration/2022/11/ASK4749-websize-1.jpg","true","200","","text/html; charset=UTF-8",""
"/media/wordpress-migration/2022/11/ASK4751-websize-1.jpg","https://app.coveinterior.com/media/wordpress-migration/2022/11/ASK4751-websize-1.jpg","true","200","","text/html; charset=UTF-8",""
"/media/wordpress-migration/2022/11/ASK4753-websize-1.jpg","https://app.coveinterior.com/media/wordpress-migration/2022/11/ASK4753-websize-1.jpg","true","200","","text/html; charset=UTF-8",""
"/media/wordpress-migration/2022/11/ASK4754-websize-1.jpg","https://app.coveinterior.com/media/wordpress-migration/2022/11/ASK4754-websize-1.jpg","true","200","","text/html; charset=UTF-8",""
"/media/wordpress-migration/2022/11/ASK4758-websize-1.jpg","https://app.coveinterior.com/media/wordpress-migration/2022/11/ASK4758-websize-1.jpg","true","200","","text/html; charset=UTF-8",""
"/media/wordpress-migration/2022/11/ASK4759-websize-1.jpg","https://app.coveinterior.com/media/wordpress-migration/2022/11/ASK4759-websize-1.jpg","true","200","","text/html; charset=UTF-8",""
"/media/wordpress-migration/2022/11/ASK4762-websize-1.jpg","https://app.coveinterior.com/media/wordpress-migration/2022/11/ASK4762-websize-1.jpg","true","200","","text/html; charset=UTF-8",""
"/media/wordpress-migration/2022/11/ASK4764-websize-1.jpg","https://app.coveinterior.com/media/wordpress-migration/2022/11/ASK4764-websize-1.jpg","true","200","","text/html; charset=UTF-8",""
"/media/wordpress-migration/2022/11/ASK4767-websize-1.jpg","https://app.coveinterior.com/media/wordpress-migration/2022/11/ASK4767-websize-1.jpg","true","200","","text/html; charset=UTF-8",""
"/media/wordpress-migration/2022/11/ASK4771-websize-1.jpg","https://app.coveinterior.com/media/wordpress-migration/2022/11/ASK4771-websize-1.jpg","true","200","","text/html; charset=UTF-8",""
"/media/wordpress-migration/2023/02/coffee-tables-1.jpg","https://app.coveinterior.com/media/wordpress-migration/2023/02/coffee-tables-1.jpg","true","200","","text/html; charset=UTF-8",""
"/media/wordpress-migration/2023/08/country-62-4x4-1.jpg","https://app.coveinterior.com/media/wordpress-migration/2023/08/country-62-4x4-1.jpg","true","200","","text/html; charset=UTF-8",""
"/media/wordpress-migration/2023/10/slide-1.jpg","https://app.coveinterior.com/media/wordpress-migration/2023/10/slide-1.jpg","true","200","","text/html; charset=UTF-8",""
"/media/wordpress-migration/2023/10/slide-3.jpg","https://app.coveinterior.com/media/wordpress-migration/2023/10/slide-3.jpg","true","200","","text/html; charset=UTF-8",""
"/media/wordpress-migration/2023/10/slide-4.jpg","https://app.coveinterior.com/media/wordpress-migration/2023/10/slide-4.jpg","true","200","","text/html; charset=UTF-8",""
"/media/wordpress-migration/2023/11/dark-paint.jpeg","https://app.coveinterior.com/media/wordpress-migration/2023/11/dark-paint.jpeg","true","200","","text/html; charset=UTF-8",""
"/media/wordpress-migration/2023/12/accessories-1-en.jpg","https://app.coveinterior.com/media/wordpress-migration/2023/12/accessories-1-en.jpg","true","200","","text/html; charset=UTF-8",""
"/media/wordpress-migration/2023/12/accessories-1-en.webp","https://app.coveinterior.com/media/wordpress-migration/2023/12/accessories-1-en.webp","true","200","","text/html; charset=UTF-8",""
"/media/wordpress-migration/2023/12/roshina-Boxes.jpg","https://app.coveinterior.com/media/wordpress-migration/2023/12/roshina-Boxes.jpg","true","200","","text/html; charset=UTF-8",""
"/media/wordpress-migration/2024/06/DSF3203-websize.jpg","https://app.coveinterior.com/media/wordpress-migration/2024/06/DSF3203-websize.jpg","true","200","","text/html; charset=UTF-8",""
"/media/wordpress-migration/2024/06/DSF3205-websize.jpg","https://app.coveinterior.com/media/wordpress-migration/2024/06/DSF3205-websize.jpg","true","200","","text/html; charset=UTF-8",""
"/media/wordpress-migration/2024/06/DSF3206-websize.jpg","https://app.coveinterior.com/media/wordpress-migration/2024/06/DSF3206-websize.jpg","true","200","","text/html; charset=UTF-8",""
"/media/wordpress-migration/2024/06/DSF3208-websize.jpg","https://app.coveinterior.com/media/wordpress-migration/2024/06/DSF3208-websize.jpg","true","200","","text/html; charset=UTF-8",""
"/media/wordpress-migration/2024/06/DSF3223-websize.jpg","https://app.coveinterior.com/media/wordpress-migration/2024/06/DSF3223-websize.jpg","true","200","","text/html; charset=UTF-8",""
"/media/wordpress-migration/2024/06/DSF3226-websize.jpg","https://app.coveinterior.com/media/wordpress-migration/2024/06/DSF3226-websize.jpg","true","200","","text/html; charset=UTF-8",""
"/media/wordpress-migration/2024/06/DSF3228-websize.jpg","https://app.coveinterior.com/media/wordpress-migration/2024/06/DSF3228-websize.jpg","true","200","","text/html; charset=UTF-8",""
"/media/wordpress-migration/2024/06/DSF3232-websize.jpg","https://app.coveinterior.com/media/wordpress-migration/2024/06/DSF3232-websize.jpg","true","200","","text/html; charset=UTF-8",""
"/media/wordpress-migration/2024/06/DSF3235-websize.jpg","https://app.coveinterior.com/media/wordpress-migration/2024/06/DSF3235-websize.jpg","true","200","","text/html; charset=UTF-8",""
"/media/wordpress-migration/2024/06/DSF3240-websize.jpg","https://app.coveinterior.com/media/wordpress-migration/2024/06/DSF3240-websize.jpg","true","200","","text/html; charset=UTF-8",""
"/media/wordpress-migration/2024/06/DSF3249-websize.jpg","https://app.coveinterior.com/media/wordpress-migration/2024/06/DSF3249-websize.jpg","true","200","","text/html; charset=UTF-8",""
"/media/wordpress-migration/2024/06/DSF3253-websize.jpg","https://app.coveinterior.com/media/wordpress-migration/2024/06/DSF3253-websize.jpg","true","200","","text/html; charset=UTF-8",""
"/media/wordpress-migration/2024/06/DSF3254-websize.jpg","https://app.coveinterior.com/media/wordpress-migration/2024/06/DSF3254-websize.jpg","true","200","","text/html; charset=UTF-8",""
"/media/wordpress-migration/2024/06/DSF3255-websize.jpg","https://app.coveinterior.com/media/wordpress-migration/2024/06/DSF3255-websize.jpg","true","200","","text/html; charset=UTF-8",""
"/media/wordpress-migration/2024/06/DSF3256-websize.jpg","https://app.coveinterior.com/media/wordpress-migration/2024/06/DSF3256-websize.jpg","true","200","","text/html; charset=UTF-8",""
"/media/wordpress-migration/2024/06/DSF3263-websize.jpg","https://app.coveinterior.com/media/wordpress-migration/2024/06/DSF3263-websize.jpg","true","200","","text/html; charset=UTF-8",""
"/media/wordpress-migration/2024/06/DSF3268-websize.jpg","https://app.coveinterior.com/media/wordpress-migration/2024/06/DSF3268-websize.jpg","true","200","","text/html; charset=UTF-8",""
"/media/wordpress-migration/2024/06/DSF3270-websize.jpg","https://app.coveinterior.com/media/wordpress-migration/2024/06/DSF3270-websize.jpg","true","200","","text/html; charset=UTF-8",""
"/media/wordpress-migration/2024/06/DSF3271-websize.jpg","https://app.coveinterior.com/media/wordpress-migration/2024/06/DSF3271-websize.jpg","true","200","","text/html; charset=UTF-8",""
"/media/wordpress-migration/2024/06/DSF3273-websize.jpg","https://app.coveinterior.com/media/wordpress-migration/2024/06/DSF3273-websize.jpg","true","200","","text/html; charset=UTF-8",""
"/media/wordpress-migration/2024/06/DSF3277-websize.jpg","https://app.coveinterior.com/media/wordpress-migration/2024/06/DSF3277-websize.jpg","true","200","","text/html; charset=UTF-8",""
"/media/wordpress-migration/2024/06/DSF3285-websize.jpg","https://app.coveinterior.com/media/wordpress-migration/2024/06/DSF3285-websize.jpg","true","200","","text/html; charset=UTF-8",""
"/media/wordpress-migration/2024/06/DSF3299-websize.jpg","https://app.coveinterior.com/media/wordpress-migration/2024/06/DSF3299-websize.jpg","true","200","","text/html; charset=UTF-8",""
"/media/wordpress-migration/2024/06/DSF3305-websize.jpg","https://app.coveinterior.com/media/wordpress-migration/2024/06/DSF3305-websize.jpg","true","200","","text/html; charset=UTF-8",""
"/media/wordpress-migration/2024/06/DSF3315-websize.jpg","https://app.coveinterior.com/media/wordpress-migration/2024/06/DSF3315-websize.jpg","true","200","","text/html; charset=UTF-8",""
"/media/wordpress-migration/2024/06/DSF3317-websize.jpg","https://app.coveinterior.com/media/wordpress-migration/2024/06/DSF3317-websize.jpg","true","200","","text/html; charset=UTF-8",""
"/media/wordpress-migration/2024/06/DSF3318-websize.jpg","https://app.coveinterior.com/media/wordpress-migration/2024/06/DSF3318-websize.jpg","true","200","","text/html; charset=UTF-8",""
"/media/wordpress-migration/2024/06/DSF3327-websize.jpg","https://app.coveinterior.com/media/wordpress-migration/2024/06/DSF3327-websize.jpg","true","200","","text/html; charset=UTF-8",""
"/media/wordpress-migration/2024/06/DSF3329-websize.jpg","https://app.coveinterior.com/media/wordpress-migration/2024/06/DSF3329-websize.jpg","true","200","","text/html; charset=UTF-8",""
"/media/wordpress-migration/2024/06/DSF3350-websize.jpg","https://app.coveinterior.com/media/wordpress-migration/2024/06/DSF3350-websize.jpg","true","200","","text/html; charset=UTF-8",""
"/media/wordpress-migration/2023/10/Secret-Potion-–-N1.jpeg","https://app.coveinterior.com/media/wordpress-migration/2023/10/Secret-Potion-%E2%80%93-N1.jpeg","true","200","","text/html; charset=UTF-8",""
"/media/wordpress-migration/2023/10/Secret-Potion-–-N3.jpeg","https://app.coveinterior.com/media/wordpress-migration/2023/10/Secret-Potion-%E2%80%93-N3.jpeg","true","200","","text/html; charset=UTF-8",""
"/media/wordpress-migration/2024/01/لوحة-اسماء-الله-الحسنى-الرباعية-450.jpeg","https://app.coveinterior.com/media/wordpress-migration/2024/01/%D9%84%D9%88%D8%AD%D8%A9-%D8%A7%D8%B3%D9%85%D8%A7%D8%A1-%D8%A7%D9%84%D9%84%D9%87-%D8%A7%D9%84%D8%AD%D8%B3%D9%86%D9%89-%D8%A7%D9%84%D8%B1%D8%A8%D8%A7%D8%B9%D9%8A%D8%A9-450.jpeg","true","200","","text/html; charset=UTF-8",""
"/media/wordpress-migration/2024/01/لوحة-الأبواب-130.jpeg","https://app.coveinterior.com/media/wordpress-migration/2024/01/%D9%84%D9%88%D8%AD%D8%A9-%D8%A7%D9%84%D8%A3%D8%A8%D9%88%D8%A7%D8%A8-130.jpeg","true","200","","text/html; charset=UTF-8",""
"/media/wordpress-migration/2024/01/لوحة-البسملة-60.jpeg","https://app.coveinterior.com/media/wordpress-migration/2024/01/%D9%84%D9%88%D8%AD%D8%A9-%D8%A7%D9%84%D8%A8%D8%B3%D9%85%D9%84%D8%A9-60.jpeg","true","200","","text/html; charset=UTF-8",""
"/media/wordpress-migration/2024/01/لوحة-البسملة-60.webp","https://app.coveinterior.com/media/wordpress-migration/2024/01/%D9%84%D9%88%D8%AD%D8%A9-%D8%A7%D9%84%D8%A8%D8%B3%D9%85%D9%84%D8%A9-60.webp","true","200","","text/html; charset=UTF-8",""
"/media/wordpress-migration/2024/01/لوحة-الطاووس-150.jpeg","https://app.coveinterior.com/media/wordpress-migration/2024/01/%D9%84%D9%88%D8%AD%D8%A9-%D8%A7%D9%84%D8%B7%D8%A7%D9%88%D9%88%D8%B3-150.jpeg","true","200","","text/html; charset=UTF-8",""
"/media/wordpress-migration/2024/01/لوحة-العفو-150.jpeg","https://app.coveinterior.com/media/wordpress-migration/2024/01/%D9%84%D9%88%D8%AD%D8%A9-%D8%A7%D9%84%D8%B9%D9%81%D9%88-150.jpeg","true","200","","text/html; charset=UTF-8",""
"/media/wordpress-migration/2024/01/لوحة-الفلق-140.jpeg","https://app.coveinterior.com/media/wordpress-migration/2024/01/%D9%84%D9%88%D8%AD%D8%A9-%D8%A7%D9%84%D9%81%D9%84%D9%82-140.jpeg","true","200","","text/html; charset=UTF-8",""
"/media/wordpress-migration/2024/01/لوحة-الكرسي-150.jpeg","https://app.coveinterior.com/media/wordpress-migration/2024/01/%D9%84%D9%88%D8%AD%D8%A9-%D8%A7%D9%84%D9%83%D8%B1%D8%B3%D9%8A-150.jpeg","true","200","","text/html; charset=UTF-8",""
"/media/wordpress-migration/2024/01/لوحة-تكرار-الله-130.jpeg","https://app.coveinterior.com/media/wordpress-migration/2024/01/%D9%84%D9%88%D8%AD%D8%A9-%D8%AA%D9%83%D8%B1%D8%A7%D8%B1-%D8%A7%D9%84%D9%84%D9%87-130.jpeg","true","200","","text/html; charset=UTF-8",""
"/media/wordpress-migration/2024/01/لوحة-كن-جميلاً-60.jpeg","https://app.coveinterior.com/media/wordpress-migration/2024/01/%D9%84%D9%88%D8%AD%D8%A9-%D9%83%D9%86-%D8%AC%D9%85%D9%8A%D9%84%D8%A7%D9%8B-60.jpeg","true","200","","text/html; charset=UTF-8",""
"/media/wordpress-migration/2024/01/لوحة-لا-اله-الا-الله-130.jpeg","https://app.coveinterior.com/media/wordpress-migration/2024/01/%D9%84%D9%88%D8%AD%D8%A9-%D9%84%D8%A7-%D8%A7%D9%84%D9%87-%D8%A7%D9%84%D8%A7-%D8%A7%D9%84%D9%84%D9%87-130.jpeg","true","200","","text/html; charset=UTF-8",""
